<?xml version="1.0" encoding="UTF-8"?>
<ApexPage xmlns="http://soap.sforce.com/2006/04/metadata">
    <apiVersion>51.0</apiVersion>
    <availableInTouch>true</availableInTouch>
    <confirmationTokenRequired>false</confirmationTokenRequired>
    <description>templates bundled with latest kb patches from edge for docx and docset attachments</description>
    <label>zSend</label>
    <packageVersions>
        <majorNumber>3</majorNumber>
        <minorNumber>33</minorNumber>
        <namespace>ZPAPER</namespace>
    </packageVersions>
</ApexPage>
