<?xml version="1.0" encoding="UTF-8"?>
<ApexPage xmlns="http://soap.sforce.com/2006/04/metadata">
    <apiVersion>52.0</apiVersion>
    <availableInTouch>true</availableInTouch>
    <confirmationTokenRequired>false</confirmationTokenRequired>
    <description>Browse the SFDC data model
//APS220121 Updated jquery version from 3.4.1 to 3.6.0
//ERS210920 added DiagnosticSummary and MIT License</description>
    <label>zPaper:Fields</label>
    <packageVersions>
        <majorNumber>234</majorNumber>
        <minorNumber>1</minorNumber>
        <namespace>HealthCloudGA</namespace>
    </packageVersions>
</ApexPage>
