<?xml version="1.0" encoding="UTF-8"?>
<ApexPage xmlns="http://soap.sforce.com/2006/04/metadata">
    <apiVersion>50.0</apiVersion>
    <availableInTouch>true</availableInTouch>
    <confirmationTokenRequired>false</confirmationTokenRequired>
    <description>//APS220121 updated jquery from 3.4.1 to 3.6.0 and added escapeHTML to avoid XSS
//APS210922 SF Server Fix
//ERS210927 Files browse and extension changes #84085</description>
    <label>zPaper:Send</label>
    <packageVersions>
        <majorNumber>234</majorNumber>
        <minorNumber>1</minorNumber>
        <namespace>HealthCloudGA</namespace>
    </packageVersions>
</ApexPage>
