<?xml version="1.0" encoding="UTF-8"?>
<ApexPage xmlns="http://soap.sforce.com/2006/04/metadata">
    <apiVersion>56.0</apiVersion>
    <availableInTouch>false</availableInTouch>
    <confirmationTokenRequired>false</confirmationTokenRequired>
    <label>zSend360</label>
    <packageVersions>
        <majorNumber>3</majorNumber>
        <minorNumber>34</minorNumber>
        <namespace>ZPAPER</namespace>
    </packageVersions>
    <packageVersions>
        <majorNumber>1</majorNumber>
        <minorNumber>242</minorNumber>
        <namespace>ZPAPER5</namespace>
    </packageVersions>
</ApexPage>
