<?xml version="1.0" encoding="UTF-8"?>
<ApexPage xmlns="http://soap.sforce.com/2006/04/metadata">
    <apiVersion>50.0</apiVersion>
    <availableInTouch>true</availableInTouch>
    <confirmationTokenRequired>false</confirmationTokenRequired>
    <description>//ERS220617 zSend360 name chance and zmode support for zippi testing
//ERS220704 zForms commented out and amode added - defaults to barcoded
//ERS220723 /069 not required                                 
//ERS220726 better Transport support and no Setup.ZPAPER__zpaper__c.ZPAPER__server__c ZPAPER6__
//ERS221003 just proxy and native</description>
    <label>zSend360</label>
    <packageVersions>
        <majorNumber>3</majorNumber>
        <minorNumber>34</minorNumber>
        <namespace>ZPAPER</namespace>
    </packageVersions>
</ApexPage>
