<?xml version="1.0" encoding="UTF-8"?>
<ApexPage xmlns="http://soap.sforce.com/2006/04/metadata">
    <apiVersion>56.0</apiVersion>
    <availableInTouch>true</availableInTouch>
    <confirmationTokenRequired>false</confirmationTokenRequired>
    <label>zSend366</label>
    <packageVersions>
        <majorNumber>230</majorNumber>
        <minorNumber>2</minorNumber>
        <namespace>HealthCloudGA</namespace>
    </packageVersions>
    <packageVersions>
        <majorNumber>1</majorNumber>
        <minorNumber>9</minorNumber>
        <namespace>ZPAPER6</namespace>
    </packageVersions>
</ApexPage>
