<?xml version="1.0" encoding="UTF-8"?>
<ApexPage xmlns="http://soap.sforce.com/2006/04/metadata">
    <apiVersion>51.0</apiVersion>
    <availableInTouch>true</availableInTouch>
    <confirmationTokenRequired>false</confirmationTokenRequired>
    <label>zMerge</label>
    <packageVersions>
        <majorNumber>3</majorNumber>
        <minorNumber>32</minorNumber>
        <namespace>ZPAPER</namespace>
    </packageVersions>
    <packageVersions>
        <majorNumber>1</majorNumber>
        <minorNumber>235</minorNumber>
        <namespace>ZPAPER5</namespace>
    </packageVersions>
</ApexPage>
