<?xml version="1.0" encoding="UTF-8"?>
<ApexPage xmlns="http://soap.sforce.com/2006/04/metadata">
    <apiVersion>52.0</apiVersion>
    <availableInTouch>true</availableInTouch>
    <confirmationTokenRequired>false</confirmationTokenRequired>
    <description>Browse the SFDC data model
//ERS210920 added DiagnosticSummary and MIT License</description>
    <label>zPaperFields</label>
    <packageVersions>
        <majorNumber>232</majorNumber>
        <minorNumber>2</minorNumber>
        <namespace>HealthCloudGA</namespace>
    </packageVersions>
</ApexPage>
