<?xml version="1.0" encoding="UTF-8"?>
<ApexPage xmlns="http://soap.sforce.com/2006/04/metadata">
    <apiVersion>50.0</apiVersion>
    <availableInTouch>true</availableInTouch>
    <confirmationTokenRequired>false</confirmationTokenRequired>
    <description>//APS220121 updated jquery from 3.4.1 to 3.6.0 and added escapeHTML to avoid XSS
//ERS210927 fix to Files browse and extra extensions
//CRN220225 DCI files included but TODO comment the code!
//ERS220414 adding templates back for z360
//CRN220610 Fixed View link for zPaper Templates
//ERS220617 zSend360 name chance and zmode support for zippi testing
//ERS220704 zForms commented out and amode added - defaults to barcoded
//ERS220723 /069 not required                                 
//ERS220726 better Transport support and no Setup.ZPAPER__zpaper__c.ZPAPER__server__c ZPAPER6__</description>
    <label>zSend360</label>
    <packageVersions>
        <majorNumber>3</majorNumber>
        <minorNumber>34</minorNumber>
        <namespace>ZPAPER</namespace>
    </packageVersions>
</ApexPage>
