<?xml version="1.0" encoding="UTF-8"?>
<ApexPage xmlns="http://soap.sforce.com/2006/04/metadata">
    <apiVersion>50.0</apiVersion>
    <availableInTouch>true</availableInTouch>
    <confirmationTokenRequired>false</confirmationTokenRequired>
    <description>Intuitive UX
pattern=&quot;[A-Za-z]{3}&quot;, pattern=&quot;[a-z0-9._%+-]+@[a-z0-9.-]+\.[a-z]{2,}$&quot;</description>
    <label>zSendZippi</label>
    <packageVersions>
        <majorNumber>3</majorNumber>
        <minorNumber>33</minorNumber>
        <namespace>ZPAPER</namespace>
    </packageVersions>
    <packageVersions>
        <majorNumber>1</majorNumber>
        <minorNumber>237</minorNumber>
        <namespace>ZPAPER5</namespace>
    </packageVersions>
</ApexPage>
