<?xml version="1.0" encoding="UTF-8"?>
<ApexPage xmlns="http://soap.sforce.com/2006/04/metadata">
    <apiVersion>50.0</apiVersion>
    <availableInTouch>true</availableInTouch>
    <confirmationTokenRequired>false</confirmationTokenRequired>
    <description>Visualforce page allowing for Mass Send of Fax or Email for Contacts
//ERS200507 gw use impacting list of templates and sfIDs</description>
    <label>Mass Send Contacts</label>
    <packageVersions>
        <majorNumber>3</majorNumber>
        <minorNumber>26</minorNumber>
        <namespace>ZPAPER</namespace>
    </packageVersions>
</ApexPage>
