<?xml version="1.0" encoding="UTF-8"?>
<ApexPage xmlns="http://soap.sforce.com/2006/04/metadata">
    <apiVersion>45.0</apiVersion>
    <availableInTouch>true</availableInTouch>
    <confirmationTokenRequired>false</confirmationTokenRequired>
    <description>Set the owner to the current user</description>
    <label>zAccept</label>
    <packageVersions>
        <majorNumber>3</majorNumber>
        <minorNumber>14</minorNumber>
        <namespace>ZPAPER</namespace>
    </packageVersions>
</ApexPage>
